<?xml version="1.0" encoding="UTF-8" standalone="yes"?>
<doctors>
    <doctor>
        <dob>19-09-2003</dob>
        <degree>Thạc sĩ</degree>
        <email>thinh@gmail.com</email>
        <gender>Nữ</gender>
        <id>BS001</id>
        <name>Thịnh</name>
        <phone>0947445420</phone>
        <speciality>Quán sứ</speciality>
    </doctor>
    <doctor>
        <dob>09-07-2003</dob>
        <degree>Tiến sĩ</degree>
        <email>thin@gmail.com</email>
        <gender>Nữ</gender>
        <id>BS002</id>
        <name>Thịnh</name>
        <phone>0947445421</phone>
        <speciality>Quán sứ</speciality>
    </doctor>
    <doctor>
        <dob>15-06-2024</dob>
        <degree>123</degree>
        <email>1234@gmail.com</email>
        <gender>Nam</gender>
        <id>BS003</id>
        <name>ẻt</name>
        <phone>0947443212</phone>
        <speciality>123</speciality>
    </doctor>
</doctors>
