<?xml version="1.0" encoding="UTF-8" standalone="yes"?>
<patients>
    <patient>
        <dob>03-08-2003</dob>
        <address>ha nam</address>
        <gender>Nam</gender>
        <id>BN002</id>
        <medicalHistory>hen suyen</medicalHistory>
        <name>thinh</name>
        <phone>0947445421</phone>
    </patient>
    <patient>
        <dob>03-08-2003</dob>
        <address>ha nam</address>
        <gender>Nam</gender>
        <id>BN003</id>
        <medicalHistory>hen suyen</medicalHistory>
        <name>thinh</name>
        <phone>0947445421</phone>
    </patient>
    <patient>
        <dob>03-08-2003</dob>
        <address>Hà Nam</address>
        <gender>Nữ</gender>
        <id>BN004</id>
        <medicalHistory>Không</medicalHistory>
        <name>Thịnh</name>
        <phone>0915566983</phone>
    </patient>
    <patient>
        <dob>13-06-2024</dob>
        <address>123</address>
        <gender>Nam</gender>
        <id>BN005</id>
        <medicalHistory>123</medicalHistory>
        <name>thịnh</name>
        <phone>0947446323</phone>
    </patient>
</patients>
